Tier	Score	Nom	URL	Annee	Region	Tech detectee sur le site	Description
A	32	Koyeb	http://koyeb.com	2019	Île-de-France	pytorch, tensorflow, computer vision, fine-tuning, training data, machine learning, GPU, PhD, labeling, dataset, edge AI, inference, embedding, open-source	The next-generation cloud platform to deploy containers and code functions
A	25	Picsellia	www.picsellia.com	2019	Occitanie	pytorch, tensorflow, deep learning, computer vision, training data, machine learning, annotation, labeling, dataset, inference	Picsellia offre une plateforme collaborative dédiée à la gestion de projets en Computer Vision. Elle centralise le suivi des expériences, l’annotation d’images, la gestion et le déploiement des modèles, en optimisant l’efficacité des équipes IA.
A	23	DataVLab	https://datavlab.ai	2019	Île-de-France	computer vision, fine-tuning, training data, machine learning, annotation, labeling, dataset, transformer, lidar, LiDAR	DataVLab | Semi-Automatic Image Annotation for Machine Learning
A	22	namla	http://namla.cloud	2021	Île-de-France	pytorch, deep learning, computer vision, machine learning, GPU, dataset, edge AI, inference, transformer, open-source	Namla is a Tech startup specializing in Cloud & Edge Computing, IoT (Internet Of Things), and AI (Artificial Intelligence), it was created in 2021 by 3 visionary co-founders with several years of experience in the domain.
A	21	Gencovery	http://gencovery.com	2020	Auvergne-Rhône-Alpes	pytorch, tensorflow, deep learning, machine learning, data scientist, scikit-learn, chercheur, annotation, open-source	Gencovery - Harness AI software & digital organisms in life science
A	20	Graybox	https://www.graybx.com/	2025	Île-de-France	computer vision, fine-tuning, GPU, researcher, dataset, edge AI, transformer, lidar, LiDAR	"AI Model Training, simplified. 
We empower AI Engineers to work faster and smarter, with in-training insights and controls on data & model internals."
A	19	Data Tell Story	https://datatellstory.com/	2020	Île-de-France	deep learning, computer vision, machine learning, data scientist, computer-vision, GPU, PhD, transformer	Répondez facilement et rapidement à des questions complexes grâce à notre IA.
A	17	Covaloris	http://www.covaloris.com/	2020	Île-de-France	deep learning, vision par ordinateur, machine learning, data science, data scientist, PhD, chercheur, transformer, R&D	Covaloris aide les PME françaises à passer de l’IA gadget à l’IA utile. Sa suite permet de tester, évaluer et industrialiser des solutions IA rapidement, à moindre coût, pour créer un avantage compétitif durable.
A	17	VizioSense	https://www.viziosense.com/	2022	Hauts-de-France	computer vision, computer-vision, GPU, researcher, labeling, dataset, edge AI, R&D	VizioSense aide les villes et les entreprises à optimiser l’utilisation des espaces, fluidifier la circulation et prendre des décisions stratégiques pour des environnements plus durables et intelligents.
A	15	crunch dao	https://www.crunchdao.com/	2010	Île-de-France	computer vision, machine learning, data scientist, computer-vision, PhD, researcher, open-source	CrunchDAO is an elite research community that develops alpha-generating insights through distributed ML competitions. The DAO consists of over 5,000 data scientists, quants and machine learning (ML) engineers, including 600 PhDs. DAO members can monetize their talents and expertise by competing in corporate Crunches. In return for building models that produce profitable insights, members can participate in profit sharing in the form of cash and CRUNCH tokens, which give them status, higher earning potential, and access to more lucrative Crunches.
A	14	SKYLD	https://www.skyld.io/	2023	Bretagne	deep learning, neural network, machine learning, GPU, PhD, edge AI	Skyld sécurise les modèles d'IA embarqués contre l'extraction, la copie, le vol et la manipulation, grâce à une transformation mathématique. Notre solution permet un contrôle précis du deploiement et du respect des licences.
A	13	BEWAI	https://bewai.com	2019	Île-de-France	deep learning, computer vision, fine-tuning, annotation, dataset	Plateforme de traitement automatisé de documents : captation, catégorisations, extractions, contrôles, édition. IA 100% française. UX 100% métier. Traitement des demandes de souscription, revues de remédiation KYC, indexation de documents en GED...
A	13	XXII	www.xxiiai.com	2016	Île-de-France	computer vision, vision par ordinateur, computer-vision, dataset, transformer	XXII développe une plateforme d’analyse vidéo temps réel basée sur l’IA, pour détecter des objets et extraire des données exploitables pour l'excellence opérationnelle. Ses solutions sont utilisées dans l’industrie, le retail, la sécurité et la mobilité.
A	12	DEVANA (Scriptor Artis)	https://www.devana.ai/	2020	Pays de la Loire	fine-tuning, machine learning, PhD, researcher, dataset, embedding, open-source	Devana est un progiciel propriétaire d’orchestration d’assistants et d’agents d’IA générative dédié à la gestion à grande échelle des connaissances en entreprise. Logiciel plug & play disponible en SaaS & On-Premises. AI Act, RGPD & DORA Compliant.
A	12	Sarus	https://www.sarus.tech/	2019	Île-de-France	fine-tuning, fine tuning, data science, data scientist, dataset	Sarus développe une couche de protection de la vie privée permettant aux entreprises et aux organisations publiques d'exploiter pleinement le potentiel des données sensibles. Elles peuvent ainsi mener des recherches, des analyses et développer l’IA tout en garantissant la sécurité des données. Avec Sarus, les data scientists et analystes travaillent sur les données sans jamais y accéder directement. La conformité est simplifiée, la valeur des données est exploitée dès le premier jour, et la sécurité est maximale, notamment dans les domaines de la santé, de la finance et des villes durables.
A	11	Ai For Alpha	www.aiforalpha.com	2020	Île-de-France	machine learning, data science, data scientist, PhD, researcher, R&D	Ai For Alpha développe des stratégies systématiques de réplication (Hedge Funds, CTA, Gestion diversifiée, Private Equity) à destination d’investisseurs institutionnels en Europe, États-Unis et Asie.
A	11	Bioptimus	https://www.bioptimus.com/	2024	Île-de-France	training data, machine learning, GPU, PhD, researcher	We use cutting-edge technology to transform multiscale data into actionable representations to fuel breakthrough discoveries. Join us on our mission to build foundation models that transform biology.
A	11	Ikanovision	www.ikanovision.com	2023	Nouvelle-Aquitaine	computer vision, vision par ordinateur, chercheur, transformer, R&D	IkanoVision est un bureau d'études en innovations spécialiste de l'intelligence artificielle et de la computer vision. Nous développons des solutions sur mesure pour transcrire un savoir métier en une solution logicielle simple, fiable et explicable.
A	11	Welcome to the Jungle	https://www.welcometothejungle.com/fr	2014	Île-de-France	machine learning, data science, GPU, PhD, transformer, open-source	Chez Welcome to the Jungle nous proposons une suite d’outils, du contenu et des expériences qui rendent le recrutement plus transparent, plus humain et moins solitaire.
A	10	Arlequin AI	https://www.arlq.ai/	2024	Île-de-France	machine learning, data science, PhD, researcher, dataset, edge AI	Arlequin AI a développé l’explorateur de donnée humaine (HuDex), une solution de Next-Gen Social Analysis.
A	10	Flex.ai	https://www.flex.ai/	2023	Île-de-France	tensorflow, fine-tuning, GPU, inference	Unlocking the future of Machine Intelligence by rearchitecting the compute infrastructure
A	10	Heptalytics	www.heptalytics.ai	2023	Île-de-France	deep learning, neural network, data science, dataset	Chez Heptalytics, nous renforçons la sécurité des paiements et votre détection de fraude grâce aux technologies de deep learning les plus avancées.
A	10	Lucky cart	www.luckycart.com/	2010	Île-de-France	machine learning, data science, data scientist, dataset, transformer	Lucky cart est une MarTech française qui cumule une triple expertise en grande distribution, retail media et data science. Cette combinaison lui permet de relever les challenges business de ses partenaires, marques et enseignes de distribution.
A	10	Whitelab Genomics	https://whitelabgx.com/	2019	Île-de-France	fine-tuning, machine learning, PhD, proprietary tech, R&D	Developing AI solutions for accelerated genomic drug design and development
A	9	AMPHITRITE	www.amphitrite.fr	2021	Île-de-France	neural network, data scientist, PhD, researcher	Amphitrite fusionne des observations satellites et in-situ, grâce à l’intelligence artificielle, pour fournir des prévisions océaniques très fiables permettant de prendre les bonnes décisions en mer et réduire les émissions du transport maritime.
A	9	Alta Ares	http://altaares.com	2024	Île-de-France	annotation, labeling, dataset, edge AI, R&D	AI-driven drone detection enhancing operational efficiency in military and industrial sectors
A	9	Heuritech	https://heuritech.com/	2013	Île-de-France	computer vision, machine learning, PhD, dataset	Heuritech permet aux marques de quantifier et prédire ce que les consommateurs portent grâce à une IA propriétaire de reconnaissance visuelle. Premier lauréat du prix d'Innovation LVMH, sa plateforme SaaS analyse 3 millions d’images postées par jour.
A	9	Orakl Oncology	http://orakl-oncology.com	2023	Île-de-France	data scientist, PhD, researcher, dataset, R&D	Tumor avatars to transform oncology drug development
A	9	quantacell	https://www.quantacell.com/	2014	Occitanie	deep learning, data science, researcher, dataset	AI-powered image analysis software to accelerate the discovery of new biomarkers.
A	8	BrightClue	http://brightclue.com	2020	Bretagne	GPU, dataset, transformer, nos modèles	Design, engineer and price your 3D parts the first time, at the lowest cost
A	8	Deemea	www.deemea.com	2020	Île-de-France	deep learning, annotation, dataset, open-source	Expert in AI-driven structuring and analysis of medical imaging, Deemea offers a multimodal, multicentric platform for real-world data. Our technology enables secure sharing of up-to-date, preprocessed data while ensuring accuracy and privacy.
A	8	HrFlow.ai	http://hrflow.ai/	2016	Île-de-France	machine learning, GPU, PhD, dataset, embedding	"HrFlow.ai unifie, exploite et orchestre vos données RH grâce à l'IA. 
Gagnez en croissance (+22% de CA pour les agences d'intérim) et en mobilité (+37% pour les grands employeurs). 
Nous optimisons la gestion des talents pour +1 000 clients dans le monde entier."
A	8	IDA	www.ida.eu/	2022	Auvergne-Rhône-Alpes	machine learning, PhD, dataset, transformer	IDA is an AI-powered software solution specifically designed for the fresh produce industry, focusing on optimizing ordering processes and reducing food waste. The platform consolidates offerings from purchase centers, wholesalers, and local suppliers into a centralized system, using artificial intelligence to generate intelligent order proposals based on factors like seasonality and weather. With a mission to eliminate food waste in distribution, the company aims to prevent over 1,500 tons of fresh produce waste by 2025 through its innovative ordering and inventory management technology.
A	8	Nucleon Security	www.nucleon-security.com	2019	Île-de-France	machine learning, data scientist, dataset, edge AI	Nucleon Security est une entreprise française de cybersécurité développant des solutions EDR, MDR et XDR basées sur l’IA. Sa plateforme s’appuie sur des agents autonomes pour détecter, analyser et neutraliser les cybermenaces en temps réel, avec une approche Zero Trust.
A	8	PROPHESEE	https://www.prophesee.ai	2014	Île-de-France	computer vision, computer-vision, dataset	Prophesee is the inventor of the world’s most advanced neuromorphic vision systems. The company developed a breakthrough Event-Based Vision approach to machine vision. This new vision category allows for significant reductions of power, latency and data processing requirements to reveal what was invisible to traditional frame-based sensors until now. Prophesee’s patented Metavision® sensors and AI mimic how the human eye and brain work to dramatically improve efficiency in areas such as autonomous vehicles, industrial automation, IoT, security and surveillance, and AR/VR. Prophesee is based in Paris, with local offices in Grenoble, Shanghai, Tokyo and Silicon Valley. The company is driven by a team of 130 visionary engineers, holds more than 50 international patents and is backed by leading international investors including Sony, iBionext, 360 Capital Partners, Intel Capital, Robert Bosch Venture Capital, Supernova Invest, and European Investment Bank.
A	8	Qynapse	https://qynapse.com/	2015	Île-de-France	PhD, researcher, labeling, dataset	The future of neuroimaging analysis is here and Qynapse is leading the way. For clinicians on the front lines, for patients and their families, for payers, and for pharma – we offer peace of mind by providing results you can trust. Headquartered in France, in the United States and in Canada, the Qynapse team, with our world-renowned team of scientific and clinical partners, is wholly dedicated to aspiring to bring the entire neuroscience community and their patients the clearest, most accurate and reliable predictors and objective measures of devastating CNS disorders such as Alzheimer's disease, multiple sclerosis and Parkinson’s disease.  We are constantly evolving, refining and testing our FDA-cleared and CE-marked neuroimaging software platform, QyScore®, which is powered by proprietary Artificial Intelligence, to provide physicians, pharma researchers and payers a reliable layer of precision when reading an MRI scan. QyPredict®, our predictive research-use-only platform powered by machine learning algorithms, is being designed to transform what we know about CNS disease trajectory, with the potential to dramatically increase the likelihood of a successful clinical trial.
A	8	SPARE PARTS 3D	https://spare-parts-3d.com/	2018	Occitanie	neural network, computer vision, machine learning	Theia est une application basée sur l'intelligence artificielle qui permet de créer automatiquement un modèle 3D à partir de son dessin technique en 2D. Ceci permet de réduire le temps de digitalisation de pièces pour l'industrie.
A	8	tchek	https://www.tchek.ai/	2016	Provence-Alpes-Côte d'Azur	deep learning, computer vision, edge AI	Tchek streamlines vehicle inspection and remarketing processes for mobility professionals with AI computer vision solutions. Key industry players use our service of Digital Vehicle Inspection for pre-inspection, fleet and used-car inspection.
B	7	AcuSurgical	https://acusurgical.com	2020	Occitanie	deep learning, GPU, dataset	Creating the new standard of care in retinal surgery
B	7	Alteia	https://alteia.com/	2018	Occitanie	computer vision, machine learning, dataset	Alteia, spécialisée en analyse visuelle et IA, propose une plateforme centralisant et exploitant des données visuelles et opérationnelles. Ses outils aident les organisations à optimiser leurs opérations et améliorer la prise de décision.
B	7	Enhancy	www.enhancy.co	2019	Île-de-France	GPU, PhD, dataset, R&D	Enhancy industrialise la digitalisation des articles de seconde vie grâce à un studio photo automatisé couplé à une plateforme GEN IA. 10× plus rapide et économique, pour une offre circulaire performante avec les standards du e-commerce neuf.
B	7	Everdian	https://everdian.com/	2014	Île-de-France	computer vision, machine learning, edge AI	Solution spécialisée dans la collecte et le traitement massif de données hétérogènes en temps réel via IA pour la détection précoce d'événements, la fraude et la désinformation.
B	7	GATEWATCHER	http://gatewatcher.com	2015	Île-de-France	deep learning, machine learning, data science	First breach detection system, detecting the most crafted threats and cyberattacks
B	7	GOLDENEYE SMART VISION (APOLLO)	www.goldeneyesmartvision.ai	2019	Île-de-France	computer vision, GPU, dataset	GoldenEye Smart Vision automatise l’inspection textile grâce à une IA auto-supervisée et une imagerie optique avancée. La solution scanne les rouleaux en continu, détecte les défauts en temps réel et fournit des rapports fiables pour réduire pertes et coûts.
B	7	Kinetix	www.kinetix.tech	2020	Île-de-France	computer vision, machine learning, dataset	Kinetix développe un modèle de génération de vidéo par IA basé sur une compréhension 3D du mouvement humain et de la caméra. Sa technologie apporte un contrôle particulièrement précis et nécessaire pour la création de contenus cinématographiques et publicitaires.
B	7	Laroo	www.laroo.fr	2023	Auvergne-Rhône-Alpes	GPU, PhD, dataset, R&D	Laroo est un logiciel SaaS pour les magasins de vélos, qui utilise l’intelligence artificielle pour analyser les ventes et anticiper les besoins. Il recommande les bons volumes d’achat afin d’éviter les ruptures de stock, réduire le surstockage et optimiser la trésorerie.
B	7	Neuralk-AI	www.neuralk-ai.com	2023	Île-de-France	data science, dataset, embedding, open-source	Chez Neuralk, nous avons développé le premier modèle d’IA conçu pour traiter automatiquement les données tabulaires (clients, produits, transactions). Via une API simple, il gère déduplication, enrichissement, détection de fraude, ou encore prévision de ventes.
B	7	Pop Sink	www.popsink.com/	2013	Hauts-de-France	machine learning, PhD, dataset, open-source	Popsink is the most reliable way to automate action from insights
B	7	Preste	www.preste.ai	2019	Île-de-France	computer vision, machine learning, data science, GPU, dataset	"Nous développons des solutions IA sur mesure pour entreprises en vision par ordinateur, traitement du langage naturel (NLP) et bio-ingénierie. Preste participe à 2 projets R&D pionniers Horizon Europe. Nous sommes un ""partenaire préféré"" NVIDIA (calcul IA embarqué)."
B	7	Scortex	http://scortex.io/	2016	Île-de-France	deep learning, GPU, dataset	Scortex permet aux fabricants de maîtriser leur qualité grâce à sa solution d'intelligence de la qualité.
B	7	TETMET	https://www.tetmet.net/	2023	Île-de-France	GPU, PhD, dataset, R&D	We enable the most efficient lattice structures at industrial scale for manufacturers in Automotive, Aviation and Space.
B	7	Tarotanalytics	http://tarotanalytics.com	2006	Île-de-France	GPU, PhD, dataset, R&D	Tarot Analytics - Final Kilometre Route Optimisation and Delivery Management platform to power your operations and give your customers an amazing delivery experience
B	7	WeDiagnostiX	https://wediagnostix.ai	2020	Île-de-France	deep learning, annotation, entraîné	An AI system that interprets dental X-rays and generates reports in just a few clicks, enhancing patient communication and treatment plan adoption
B	7	adagos	https://www.adagos.com/	2011	Occitanie	neural network, GPU, dataset	ADAGOS has developed NeurEco; a new neural network approach based on parsimony.
B	6	Adalong	www.adalong.com	2017	Île-de-France	data science, lidar, LiDAR	AdAlong permet à chaque marque de transformer cette digitalisation du bouche à oreille en levier de croissance. Basée sur l’IA, la plateforme permet d’automatiser la sélection et la diffusion de contenus consommateurs authentiques et créatifs qui répondent aux attentes des audiences des marques.
B	6	Adaptive ML	https://www.adaptive-ml.com/	2023	Île-de-France	reinforcement learning, fine-tuning, annotation, inference	Adaptive ML develops a platform that enables companies to test, serve, monitor, and perpetually iterate on their large language models by leveraging user interactions and reinforcement learning
B	6	Aegir	https://aegir.fr/fr/accueil/	2023	Auvergne-Rhône-Alpes	PhD, chercheur, researcher	IA Hybride: Allier puissance algorithmique et discernement humain
B	6	AffectLog	https://affectlog.com/	2021	Île-de-France	PhD, researcher, dataset	AffectLog. Your Trusted Digital Twin
B	6	Another Brain	http://anotherbrain.ai	2017	Île-de-France	deep learning, neural network	An artificial intelligence startup that develops AI in a way far beyond deep learning
B	6	Araïko (Cynapps)	http://araiko.ai	2019	Auvergne-Rhône-Alpes	data science, GPU, chercheur, transformer	Notre mission ? Rendre l'IA accessible en plaçant l'humain au centre de tous nos projets.
B	6	Astriis	www.astriis.com	2022	Auvergne-Rhône-Alpes	machine learning, GPU, PhD	ASTRIIS développe une solution de maintenance prédictive des machines tournantes dans les secteurs de l'énergie, des transports et de l'industrie, permettant de détecter automatiquement plus de défauts, plus tôt, de localiser précisément les anomalies.
B	6	Aviwell	http://aviwell.fr	2015	Occitanie	data science, GPU, PhD	Develop natural and sustainable solutions to improve animal health to better nourish and provide food security to the nearly 8 billion people on our planet. And to do so a fraction of the cost
B	6	Cogniwave dynamics	www.cogniwavedynamics.com	2020	Île-de-France	computer vision, machine learning, R&D	"Produit IA/RH end to end 
Recherche de profils automatisée 
Sélection / tri / scoring
Qualification technique  ( texte et video)
Upskilling"
B	6	DAT Solutions	https://www.dat-solutions.fr/	2018	Provence-Alpes-Côte d'Azur	deep learning, computer vision, machine learning	DAT Solutions conçois, intègre et maintient des systèmes intelligents dans le secteur de la sécurité et de la défense.
B	6	Dasia	www.dasia.ai	2020	Île-de-France	deep learning, vision par ordinateur, dataset, transformer	L’innovation porte à la fois sur le modèle d’apprentissage (prédiction dense en SSL, encore peu explorée) et sur la manière de l’exploiter : mise à disposition via une API, intégration dans des chaînes de traitement, adaptation directe sur les données du client
B	6	Datategy	www.datategy.net	2016	Île-de-France	machine learning, data science, data scientist	Datategy édite papAI, une plateforme d’IA de bout en bout permettant de déployer rapidement des cas d’usage industriels, publics et critiques : prédiction, optimisation, compliance, RAG avancé, IA générative, MLOps, data quality et gouvernance.
B	6	Deebr	https://www.deebr.co/	2022	Île-de-France	machine learning, nos modèles, entraîné	Nous vous donnons les moyens d'engager vos clients et d'obtenir des résultats grâce à la collecte de données, à la prédiction des ventes et à la construction d'audience. Collecte automatisée : Nous collectons vos données et entrainons nos modèles de machine learning quotidiennement. Prédiction des ventes : Nos algorithmes vous permettent d'avoir un temps d'avance et de connaitre les tendances futures. Ciblage amélioré : Délivrez des campagnes pertinentes en fonction de vos contraintes business.
B	6	Digeiz	www.digeiz.com	2015	Île-de-France	GPU, dataset, edge AI	Digeiz mesure les flux des malls grâce à la vision par ordinateur. À partir des caméras existantes, nous fournissons des KPI précis (flux, démographie, parcours) certifiés CESP/RGPD. Les centres génèrent de nouveaux revenus pub et optimisent gestion, baux et espaces.
B	6	GEEGLEE	https://geeglee.net	2017	Île-de-France	GPU, researcher, dataset, transformer, R&D	Augmented human intelligence software for engineering design
B	6	HyLight	http://hylight.aero	2022	Île-de-France	dataset, lidar, LiDAR	Advanced multi-sensor technology and AI for inspecting energy infrastructure
B	6	Lite	https://pro.lite.eco	2017	Île-de-France	GPU, PhD, dataset	Lite optimise et réduit les factures d’énergie des entreprises en automatisant la collecte des données, en gérant leurs contrats et en identifiant les économies possibles. Une plateforme simple pour piloter consommation, coûts et performance énergétique.
B	6	Neuranest Technologies	https://www.stewdy.com	2024	Île-de-France	machine learning, chercheur, dataset, entraîné, entrainé	Stewdy est un Saas soutien scolaire basée sur l’IA agentique (texte et vocal). Elle fournit à chaque élève du CM1 à la Terminale un coach pédagogique spécialisé, aligné sur les programmes officiels, capable de détecter les lacunes et de générer des parcours de révision personnalisés.
B	6	Noé	https://noe-app.fr	2021	Hauts-de-France	PhD, chercheur, dataset	NOÉ est une web app qui accélère la mise sur le marché des dispositifs médicaux. Grâce au deep learning et à l'IA générative, NOÉ classe les informations et produit des résumés, permettant aux humains de se concentrer sur la création de valeur.
B	6	Osium AI	http://osium.ai	2023	Île-de-France	GPU, dataset, proprietary tech	AI for advanced and sustainable materials discovery
B	6	PONTOS	http://pontos.ai	2023	Nouvelle-Aquitaine	PhD, researcher, dataset	Empowering sustainable fisheries with AI
B	6	Predisurge	http://predisurge.com	2017	Auvergne-Rhône-Alpes	deep learning, dataset, R&D	PrediSurge creates a precision medicine platform to aid in endovascular planning. Based on pre-operative imaging, the technology creates patient-specific digital twins to simulate arteries and valves
B	6	Qantev	https://www.qantev.com/	2019	Île-de-France	machine learning, researcher, edge AI	Qantev provides an AI Claims Platform specifically designed for healthcare operations within the insurance industry.
B	6	QuantCube Technology	https://www.quant-cube.com	2013	Île-de-France	data science, GPU, dataset	QuantCube analyses billions of alternative data points in real time, using artificial intelligence and big data analytics to deliver insights ahead of the market – giving users an edge in their investment strategies. Today we are the global leader in macroeconomic intelligence nowcasting and in pinpointing macro regime change. Our vision is to become the standard point of reference for macroeconomic, sector, corporate and environmental intelligence. By delivering timely, comprehensive and actionable economic insights we empower users within financial institutions, corporates and public bodies to reach their financial performance and sustainability goals. Headquartered in Paris, QuantCube employs a diverse international team of economists, quant analysts and data scientists with expertise in multilingual NLP, deep learning and machine learning techniques. The company’s shareholders include Moody’s and Caisse des Dépôts and its R&D in computer vision has been partially funded by the European Space Agency (ESA) and French government space agency CNES.
B	6	Sipearl	www.sipearl.com	2019	Île-de-France	GPU, annotation, inference	SiPearl développe des microprocesseurs haute performance et basse consommation souverains pour le supercalcul, l’inférence d’IA et les centres de données. Actuellement en fabrication, son premier microprocesseur Rhea1 équipera notamment le centre de calcul le plus puissant d’Europe, JUPITER.
B	6	Virtualbrain	www.getvirtualbrain.com	2023	Provence-Alpes-Côte d'Azur	fine-tuning, dataset, open-source	VirtualBrain est une plateforme sécurisée tout-en-un qui permet aux professionnels de la stratégie, du conseil et de l'investissement de déployer des cas d'usages IA à fort ROI sur étagère, connectés à la donnée d'entreprise.
B	6	Zaion	www.zaion.ai	2017	Île-de-France	machine learning, dataset, entraîné, proprietary tech	Zaion aider les entreprises à optimiser leurs interactions clients grâce à une IA Agentique souveraine et spécialisée, conçue pour améliorer l’efficacité des services client et enrichir l’expérience utilisateur.
B	6	datahawk	https://datahawk.co/	2021	Île-de-France	machine learning, GPU, PhD, dataset	Dataleon provides the best Machine Learning tools for data automation and processing. Ready-to-use API for data recognition and extraction are available to accelerate your digital transformation powered by artificial intelligence.
B	6	dottxt	https://dottxt.ai	2023	Île-de-France	PhD, annotation, inference	Making AI speak computers
B	6	emocio	https://www.emocio.hr/	2023	Auvergne-Rhône-Alpes	GPU, dataset, transformer	Emocio est une solution RH innovante fondée sur l'intelligence artificielle (IA) qui permet de connaître rapidement et simplement le ressenti des salariés en matière de : Bien-être et conditions de travail, Organisation du travail, Politique sociale et salariale, Management et pilotage de l'organisation. Grâce à l'IA, Emocio analyse et catégorise les contenus qualitatifs des supports des entretiens (annuels et professionnels). En combinant ces informations avec les métadonnées (métier, genre, niveau de rémunération, ancienneté, etc), vous bénéficiez d'un puissant outil d'aide à la décision à l'échelle de votre organisation ou de chaque métier.
B	6	kentyou	https://kentyou.com/	2020	Auvergne-Rhône-Alpes	data scientist, researcher, open-source, R&D	Kentyou provides open digital twin solutions, to gather and analyse meaningful urban data and enable local innovators to build custom solutions that respond to citizens demands.
B	6	scienta lab	https://www.scientalab.com/	2021	Île-de-France	machine learning, data scientist, dataset	Scienta Lab is a deeptech company developing a unique and proprietary artificial intelligence technology to transform the drug discovery and development process in immunology and inflammation.
B	6	webdrone	http://www.webdrone.fr	2011	Bourgogne-Franche-Comté	PhD, transformer, entraîné	Webdrone édite une plate-forme de surveillances d'activités cybercriminelles par e-drones, et accompagne ses clients avec un service expert pour les missions d'investigation et de reporting opérationnel.
B	5	Alien	www.alien.club	2022	Île-de-France	training data, machine learning, dataset	Alien est le tiers de confiance européen qui permet aux IA d'accéder aux données privées pour générer des réponses fiables, sans jamais s'entraîner dessus. Nous réconcilions monétisation pour les ayants droit et conformité (AI Act) pour les modèles d'IA via une infrastructure sécurisée.
B	5	Arcascience	https://www.arcascience.ai/	2018	Île-de-France	data science, PhD, edge AI, R&D	Notre plateforme alimentée par l'IA génère des insights cachés dans des ensembles de données massifs, permettant aux sociétés pharmaceutiques et aux CRO d'optimiser l'ensemble du cycle de vie du médicament.
B	5	Arcure	https://blaxtair.com	2009	Île-de-France	deep learning, GPU, PhD	AI‑embedded 3D vision systems that enhance safety and productivity by preventing collisions between industrial machinery and people
B	5	BiOceanOr	http://bioceanor.com	2018	Provence-Alpes-Côte d'Azur	machine learning, data scientist, R&D	BIOCEANOR has developed the first underwater weather station for real time and predictive monitoring of water quality
B	5	Bondzai	www.bondzai.io	2021	Occitanie	deep learning, machine learning	Bondzai est spécialisée en maintenance préventive et contrôle qualité en industrie en utilisant le son avec son produit phare iDetect 5.0.
B	5	Callyope	https://callyope.com/	2022	Île-de-France	training data, dataset	Monitoring brain health through speech
B	5	Celest.Science	www.celest.science	2023	Occitanie	deep learning, machine learning	Celest.Science est une plateforme de prévisions climatiques et de simulation de risques qui permet aux organisations d’anticiper l’évolution des risques climatiques.
B	5	Cobl	https://www.cobl.ai/	2023	Nouvelle-Aquitaine	fine-tuning, data science, annotation	Orchestrateur d'agents IA pour la génération automatique de documents
B	5	Giskard AI	https://www.giskard.ai/	2021	Île-de-France	annotation, dataset, open-source	Giskard est une plateforme holistique couvrant tous les risques des modèles d'IA en termes de qualité, sécurité et conformité. Notre solution aide à automatiser le processus d'évaluation et de conformité, et à éviter les coûteux incidents liés à l'IA
B	5	Kalray	www.kalrayinc.com	2008	Auvergne-Rhône-Alpes	machine learning, computer-vision	Kalray propose des solutions haute performance pour le stockage et la gestion des données, qui visent les marchés de l'IA, de l'Edge Computing et du Cloud. Ces solutions comprennent un nouveau type de processeur intelligent (DPU), des cartes d'accélération et des solutions logicielles innovantes.
B	5	MISTRAL AI	https://mistral.ai/fr/	2023	Île-de-France	fine-tuning, nos modèles	Fast, open-source and secure language models. Facilitated specialisation of models on business use-cases, leveraging private data and usage feedback.
B	5	PREDITIC	https://preditic.com/	2014	Nouvelle-Aquitaine	deep learning, machine learning	Preditic propose une plateforme de collecte, de valorisation et d'analyse de données pour ses clients issus du monde industriel et du monde du transport, notamment pour ses clients du secteur ferroviaire.  Fondée en 2014, Preditic est issue du Laboratoire de Recherche en Informatique de l’Université de Bordeaux (LaBRI). La société se différencie par son grand savoir-faire sur les questions d’analyse et de traitement de données en milieu complexe puisque Preditic cumule plus de 15 ans d’expérience en R&D sur ces sujets.
B	5	QUINTEN	https://www.quinten.ai/	2008	Île-de-France	machine learning, data science, open-source	Société pionnière dans l’Intelligence Artificielle appliquée à l’amélioration de la performance des organisations notamment dans le domaine de la Santé, la Banque et l'Assurance, Quinten a toujours défendu une IA centrée sur l’humain, au service des grands enjeux économiques et sociétaux, et bâti avec les équipes métiers des solutions sur mesure permettant de tirer parti du plein potentiel de leurs données.
B	5	SquareMiles	https://www.squaremiles.io	2020	Île-de-France	deep learning, machine learning	Maquette numérique des logistiques : tester, visualiser, comparer et décider le meilleur des scénarios décarbonés (GES, énergie, économies, organisation). Simulateur multimodal: terrestre, fleuve, rail, hub fixes & mobiles, transport en commun.
B	5	UncovAI	https://uncovai.com/	2024	Provence-Alpes-Côte d'Azur	neural network, GPU, PhD	UncovAI présente une plateforme innovante permettant de détecter les contenus générés par l'IA, alliant efficacité et durabilité pour protéger contre la fraud et assurer l'intégrité de l'information
B	5	Visionairy	https://www.visionairy.io/	2018	Île-de-France	computer vision, edge AI	Visionairy provides an AI-based computer vision software to automate visual inspections tasks in factory. Our mission is to make the best of industrial vision accessible to manufacturing teams to transform the way we produce by allowing :
B	4	(E-)PEAK PEOPLE HR	https://www.peakpeople-hr.com/fr/	2024	Île-de-France	machine learning, data science	Ayez accès aux attentes et aux besoins de vos équipes ainsi qu’à la perception qu’elles ont de votre organisation, de leurs métiers, du terrain en temps réel.
B	4	AI Bobby	https://ai-bobby.com	2023	Île-de-France	PhD, researcher	Disrupting food protein R&D with neural AI
B	4	Actionable	www.actionable.live	2024	Grand Est	GPU, dataset	IA prédictive de satisfaction client. Elle transforme les données opérationnelles (achats, parcours, support, livraison...) déjà disponibles dans l’entreprise en prédictions individuelles de satisfaction, en identifiant automatiquement les leviers les plus impactants.
B	4	AfterData	https://www.afterdata.com/	2017	Île-de-France	machine learning, data scientist	AfterData est la 1ère solution française de lutte contre la criminalité financière : blanchiment, financement du terrorisme et abus de marché qui propose aux acteurs européens de la finance une solution de conformité innovante alliant machine learning et micro-segmentation.
B	4	Akur8	www.akur8.com	2018	Île-de-France	machine learning, data science	Fondée en 2018, Akur8 propose une plateforme de tarification et de provisionnement des assurances. Elle sert +300 assureurs dans +40 pays, dont AXA, Generali, Munich Re, MAPFRE et Tokio Marine. +3000 actuaires l'utilisent quotidiennement pour leurs modèles.
B	4	Amurabi - opérant sous la marque FairPatterns	https://www.fairpatterns.com/	2018	Île-de-France	PhD, researcher	FairPatterns est l'antivirus pour les humains. Notre IA multimodale scanne les sites, apps et réseaux sociaux pour détecter les préjudices digitaux (tromperie, manipulations, fausses promotions, consentement invalide, dark patterns) et les remédier. Moins d’amendes, des clients satisfaits.
B	4	AnthroPi	https://www.anthropi.net	2017	Bourgogne-Franche-Comté	dataset, transformer	AnthroPi is a training organization in communication and phone call using a conversation simulator
B	4	Aprex Solutions	www.aprex-solutions.com	2017	Grand Est	computer vision, chercheur, R&D	Vision industrielle et analyses d'images : Développement et intégration d’applications et de dispositifs de vision pour l'optimisation des contrôles Qualité & Process, combinant des technos d'analyse d'images de pointe et les IA dernière génération : pour l'Industrie et centres d'innovation.
B	4	AquAdapt	https://aquadapt.co	2024	Île-de-France	data science, dataset	AquAdapt développe une plateforme web dédiée à la fourniture de prévisions précises concernant l’évolution morphologique des littoraux à divers horizons temporels, destinée aux entreprises et aux collectivités.
B	4	Avnear	https://avnear.fr/	2023	Île-de-France	data scientist, dataset	Avnear se positionne comme la première solution d’investissement qui détecte les surévaluations du marché grâce à l'IA avant d’investir, renforçant ainsi la sécurité des contrats d’Assurance-vie et PER.
B	4	Baio-dx	https://www.baio-dx.com/	2022	Auvergne-Rhône-Alpes	data science, PhD	Offering solutions for clinical and industrial microbiology based on artificial intelligence and holographic images
B	4	Bevolta	http://bevolta.com	2015	Île-de-France	GPU, dataset	B2B SaaS platform that automates and optimises the replenishment process For quicker response time, less inventory and never out of stock
B	4	Bleckwen	www.bleckwen.ai	2018	Île-de-France	data science, data scientist	Bleckwen révolutionne la lutte contre la fraude pour les institutions financières grâce à l’IA prédictive et notre assistant d’investigation agentique. Détection en temps réel, alertes qualifiées et ROI > 700% pour un contrôle intelligent et rapide
B	4	Blix	http://joinblix.com	2021	Île-de-France	GPU, dataset	Blix provides accelerating and promotional services for e-commerce brands and entrepreneurs
B	4	BrightHeart	http://brightheart.ai	2022	Île-de-France	GPU, annotation	Advancing prenatal ultrasound screening with AI
B	4	Callifly	www.callifly.com	2023	Occitanie	dataset, transformer, entraîné	Nous créons des avatars vocaux en IA pour les marques e-commerce. Ils permettent de préfiltrer jusqu'à 80% des demandes clients entrantes à faible valeur ajoutée.
B	4	Collaterize	https://collaterize.com/	2024	Île-de-France	GPU, dataset	Through tokenization, Collaterize transforms asset liquidity, making it faster, more open, and transparent. Our solutions simplify the global distribution of assets, ensuring a seamless and secure experience. Join us in creating a fairer and more open financial world.
B	4	Comand AI	https://comand.ai/	2023	Île-de-France	reinforcement learning, open-source	Empowering defense forces with AI-powered decision-making and operating capabilities
B	4	DeepHawk	https://www.deephawk.ai/	2022	Bretagne	machine learning, PhD	DeepHawk is a Next Generation AI, delivering the best performance for visual quality control to industrial manufacturers. Ask for information and demo on www.DeepHawk.ai, or contact@deephawk.ai
B	4	Deepki	https://www.deepki.com/	2014	Île-de-France	GPU, PhD, dataset	Deepki a développé une plateforme ESG offrant une solution complète aux acteurs de l’immobilier, reposant sur l’exploitation de leurs données pour les accompagner dans leur transition net zéro et la mise en œuvre de trajectoires de décarbonation.
B	4	DeloniX	www.delonixx.com	2024	Auvergne-Rhône-Alpes	dataset, transformer	"Maîtrise du risque énergétique lié à la décarbonation pour l'industrie. 
Plateforme d'analyse prédictive et d'incertitudes des évolutions de consommation d’électricité et des coûts associés."
B	4	ELDA TECHNOLOGY	https://eldatechnology.fr/	2023	Occitanie	lidar, LiDAR	ELDA TECHNOLOGY développe une plateforme SIG de traitement des données LiDAR collectées par drone, fournissant des cartographies 3D précises des domaines skiables. Cela permet d’optimiser la gestion de l’eau et de réduire leur impact environnemental.
B	4	ENDOless	www.endoless.app	2024	Île-de-France	data science, researcher	ENDOless est une plateforme deeptech de santé des femmes qui collecte et structure des données réelles de symptômes, comportements et signaux physiologiques. Elle aide à mieux gérer les douleurs chroniques et génère des données exploitables par l’IA pour le soin et la recherche.
B	4	Energiency	www.energiency.com	2013	Bretagne	data science, dataset	Energiency accompagne les industriels dans la détection de nouvelles économies d’énergie et de CO2, en valorisant en temps réel les données existantes grâce à sa technologie d’analyse innovante alliant intelligence humaine et artificielle.
B	4	Flowlity	www.flowlity.com	2019	Île-de-France	machine learning, dataset	Flowlity offre une solution IA permettant aux entreprises d'automatiser leur supply chain de bout en bout. Plus de ruptures de stocks, de surstocks et un gain de temps à valeur ajoutée pour les équipes opérationnelles ainsi que pour les C-levels de la Supply Chain.
B	4	Getmint	www.getmint.ai/	2017	Île-de-France	GPU, PhD	Mint is an AI visibility platform that helps marketers analyze and optimize brand perception across AI models like ChatGPT, Gemini, and Claude. The platform provides real-time data analysis, customizable dashboards, and comprehensive brand monitoring tools. It enables businesses to audit their AI model presence, diagnose visibility gaps, and develop optimization strategies to ensure positive and accurate brand representation in AI-driven interactions.
B	4	Gigi	https://gigi.co/	2023	Île-de-France	PhD, dataset	AI-powered social network for professional connections
B	4	HD Rain	https://hd-rain.com/	2018	Île-de-France	machine learning, nos modèles	Machine learning based high resolution weather measurements and forecasts
B	4	Heex Technologies	www.heex.io	2019	Île-de-France	data science, dataset	Heex développe une data intelligence layer pour le Physical AI. La plateforme orchestre les opérations entre actifs physiques, systèmes numériques et équipes humaines en transformant des données brutes et signaux terrain en intelligence actionnable en temps réel.
B	4	Hiboo	https://www.hiboo.io/	2018	Île-de-France	GPU, PhD	Hiboo helps equipment operators and rental specialists improve fleet availability and reduce total cost of ownership by centralizing and standardizing data from 120+ OEMs and telematics sources. Maintenance, fuel, usage, field infos and secure data sharing are managed in one platform or API.
B	4	Jabu	www.jabu-app.fr	2023	Île-de-France	GPU, dataset	Jabu utilise l'IA pour anticiper les consommations en restauration collective, réduire le gaspillage alimentaire et optimiser les coûts. Avec une précision de 95 %, notre solution engage convives et gestionnaires pour un impact durable et mesurable.
B	4	Kardinal	https://kardinal.ai/fr/	2015	Île-de-France	machine learning, dataset, transformer	La véritable magie opère lorsque la connaissance des experts métier se conjugue avec la puissance des mathématiques et des outils numériques. Kardinal exploite la richesse de vos données pour aborder vos plus grands défis stratégiques et opérationnels, en fournissant des résultats concrets et directement exploitables qui libèrent tout le potentiel de votre dernier kilomètre. Dimensionnement de flottes, optimisation de tournées, préparation de peak period, sectorisation du territoire, ou encore, étude de conversion de votre flotte à l'électrique : nous vous accompagnons sur toutes les problématiques métier où les mathématiques ont un rôle à jouer et nous proposons des solutions concrètes et directement opérables.
B	4	Koaloo.fi	www.koaloo-fi.com	2023	Île-de-France	GPU, dataset	Koaloo.Fi est une fintech primée qui transforme la supply chain en levier de rentabilité et de résilience immédiates. Nous réduisons les risques fournisseurs, augmentons l’EBITDA des acheteurs, et offrons aux fournisseurs des financements jusqu’à 3x moins chers.
B	4	Leakmited	https://www.leakmited.com/	2019	Île-de-France	chercheur, transformer	AI-Powered water leak detection for water utilities companies.
B	4	Libeo	http://www.libeo.io	2018	Île-de-France	PhD, dataset	Platform for modern enterprise payments: automate suppliers management and focus on your core business
B	4	Lipstip	www.lipstip.com	2023	Nouvelle-Aquitaine	researcher, dataset	Lipstip est une Deeptech qui développe une IA souveraine, frugale et experte dédiée à la Propriété Intellectuelle. Nos modèles propriétaires automatisent les tâches juridiques complexes (recherche, comparaison, rédaction) pour diviser par 5 le temps de traitement des dossiers de marques et brevets.
B	4	MOOVANCE	https://www.moovance.fr/	2021	Île-de-France	PhD, transformer	Moovance, app mobile lancée après 2 ans de R&D, utilise l'IA pour identifier en temps réel les moyens de transport et leur empreinte carbone. Avec 1M d'utilisateurs, elle aide entreprises et collectivités à adapter leurs services aux mobilités.
B	4	Mago	https://www.mago.studio/	2024	Île-de-France	researcher, edge AI	An AI-native software that transforms and stylizes any video content
B	4	Maki people	https://www.makipeople.com/	2021	Île-de-France	data scientist, embedding	"We are building a conversational AI agent that liberates HR teams, advances organizations, and expands human potential.

By combining human ingenuity with AI-driven intelligence, Maki transforms HR into a proactive, strategic engine of growth. Our agents don’t just assist—they do the work. They adapt to your organization’s unique needs, enabling HR teams to focus on what matters most: building thriving teams and driving business impact."
B	4	Manabou	www.manabou.fr	2024	Île-de-France	dataset, transformer	"Créer, Adapter, Moderniser vos contenus e-learning grâce à l’IA.
Manabou est une plateforme de formation adaptative qui combine LMS et outil auteur IA pour créer, structurer et personnaliser des parcours à grande échelle, à partir de contenus existants ou de zéro, avec un impact mesurable."
B	4	MatchTune	https://www.matchtune.com/	2017	Île-de-France	GPU, dataset	MatchTune utilise l'IA pour révolutionner l'industrie créative en protégeant les artistes contre les infractions aux droits d'auteur et en aidant les marques à obtenir des licences musicales légales pour leurs contenus vidéo.
B	4	Matcha	www.getmatcha.tech/fr	2018	Île-de-France	GPU, dataset	Lancée en 2018 et positionné en B2B, Matcha permet aux distributeurs et marques de mieux vendre des produits complexes ou techniques (vins, bières, spiritueux, café, beauté, fromage, animalerie, charcuterie...).
B	4	Meteoria	www.meteoria.ai/	2024	Île-de-France	dataset, transformer	AI-powered brand visibility optimization and rank tracking.
B	4	MyndBlue	http://myndblue.io	2016	Île-de-France	machine learning, researcher	Our mission is to transform the way Depression and PTS are addressed through AI, Medical grade data and Clinical Trials
B	4	Naïo Technologies	https://www.naio-technologies.com/	2011	Occitanie	GPU, PhD	European leader in agricultural robotics
B	4	Notify	https://fr.notify-group.com/	2008	Île-de-France	machine learning, dataset	Notify est une AI decisioning pour l’orchestration temps réél du marketing. L’agent IA consolide les données, évalue continuellement le contexte (canal, timing, disponibilité client, pression marketing) et déclenche les « next best action/offer/channel » avec le plus de pertinence à l'individu.
B	4	One Biosciences	www.onebiosciences.fr	2020	Île-de-France	machine learning, PhD	One Biosciences développe une technologie d’IA pour décrypter la complexité des tumeurs. En analysant chaque cellule, nos algorithmes identifient des signatures fonctionnelles clés afin de guider des décisions thérapeutiques véritablement personnalisées.
B	4	Outsight	www.outsight.ai	2019	Île-de-France	lidar, LiDAR	Outsight fournit une IA 3D qui suit et numérise anonymement les flux de personnes et de véhicules à grande échelle (>280M de personnes actuellement). Les opérateurs d’aéroports, gares, stades ou sites industriels optimisent opérations, sécurité et expérience grâce à cette intelligence en temps réel.
B	4	Prof en Poche	https://profenpoche.com	2015	Nouvelle-Aquitaine	chercheur, transformer	Prof en Poche est un acteur de l’éducation, ayant impacté l’apprentissage de plus de 500.000 élèves. Éditeurs et distributeurs de solutions innovantes, nous concevons des expériences pédagogiques uniques en mathématiques, écologie et numérique.
B	4	Realytics	https://www.realytics.io/fr/	2014	Île-de-France	machine learning, data scientist	Realytics digitalise la télévision en permettant de mesurer son efficacité sur les leviers digitaux. C’est aujourd’hui le premier acteur européen à analyser tous les impacts d’une campagne pub TV : performance business (trafic, téléchargement d’apps, conversions…) comme effet branding (socio-demo, géoloc, search …). Avec ces indicateurs les annonceurs TV possèdent alors toutes les clés pour optimiser leur plan média et leurs investissements.  Reconnu pour son excellence technologique, Realytics a développé un algorithme unique de scoring permettant d’identifier qui, parmi les visiteurs du site web de la marque, a été exposé à son spot TV et a réagi instantanément. Au cœur de la convergence TV-Digital, cette innovation majeure permet aux annonceurs d’élaborer des scénarios de campagnes cross-media alliant puissance de la TV et performance du digital.   Plus encore, la société anticipe les performances drive to web d’un ou de plusieurs plans médias TV pour permettre aux annonceurs d’affiner leurs choix en avance de phase. Enfin, en plus de mesurer les performances d’un spot, Realytics capture l’incrément de trafic généré par l’effet de notoriété d’une campagne sur le long terme.  Avec plus de 5,5 milliards de visites trackées pour 300 clients dans 32 pays, Realytics s’impose aujourd’hui comme l’acteur incontournable du présent mais surtout du futur de la télévision. IPTV, VOL, replay… La TV est en profonde mutation ! Realytics innove constamment pour être au plus proche des besoins de ses clients, annonceurs comme agences, et pour accompagner les régies publicitaires dans cette transformation digitale.
B	4	Resilience	https://resilience.care	2021	Île-de-France	researcher, dataset	Building a software-based solution for cancer treatment providers and patients
B	4	Rollingdot	https://rollingdot.ai	2024	Occitanie	lidar, LiDAR	Provides innovative software solutions that automate point cloud processing
B	4	SMALK AI	https://www.smalk.ai	2025	Île-de-France	GPU, dataset	Ad Plateforme qui aide les marques à être n°1 dans ChatGPT et autre moteurs de recherche IA.
B	4	SP VISION SAS	www.spvision.fr	2016	Île-de-France	dataset, transformer	Editeur du logiciel Cameleon, XR pour l'industrie 4.0 - ERP Réalité virtuelle et augmentée - Industrialisation et optimisation des procédés
B	4	SYLVIACARE	https://www.sylviacare.fr/	2021	Centre-Val de Loire	GPU, dataset	"Détection précoce d'incendie pour espaces naturels et installations industrielles.
Nos capteurs combinent micros-caméras infrarouges et IA frugale pour générer des alarmes en un temps record et détecter les échauffements anormaux avant même l'apparition des premières flammes ou fumées."
B	4	ScienceOne	www.scienceone.eu	2021	Île-de-France	researcher, dataset	"ScienceLeadR.eu est une plateforme digitale alimentée par l'Intelligence Artificielle : 3,8 millions d'experts qualifiés au niveau mondial
Accélérer l'innovation en connectant l'ensemble des acteurs de l'écosystème de la santé !"
B	4	Seiki	https://www.seiki.co/	2022	Île-de-France	machine learning, edge AI	Au service des marques et des territoires, Seiki restitue et prédit les déplacements des populations grâce l’IA et le Machine Learning. De l’OOH au Retail, nos modèles prédisent les flux et audiences pour piloter vos stratégies. Une approche scientifique accessible en SaaS pour un impact concret.
B	4	Sekoia.io	www.sekoia.io	2022	Bretagne	machine learning, dataset	Sekoia.io est leader des solutions SaaS de détection et de réponse aux cybermenaces s’appuyant sur l’IA et le renseignement cyber. La plateforme AI SOC Sekoia apporte aux équipes de sécurité une véritable tour de contrôle sur leur système d’information.
B	4	Shift Technology	https://www.shift-technology.com/fr/	2014	Île-de-France	data scientist, transformer	Les solutions de Shift Technology, basées sur l’IA, permettent aux assureurs d’automatiser et d’optimiser la prise de décision en vue d'obtenir de meilleurs résultats, notamment en matière de gestion des sinistres et de détection des fraudes.
B	4	THINKDEEP AI	www.thinkdeep.ai	2019	Nouvelle-Aquitaine	GPU, dataset	ThinkDeep développe DeepBrain une plateforme d'agents IA permettant d'automatiser les tâches administratives en se basant sur des sources de données.
B	4	Tilkal	www.tilkal.com	2017	Île-de-France	GPU, dataset	Tilkal est une plateforme innovante qui transforme les données complexes de la supply chain en intelligence activable. Nous aidons les entreprises à tracer leurs produits, anticiper les risques, prouver leurs engagements et rester conformes aux réglementations.
B	4	Unbias	www.unbias.fr	2021	Provence-Alpes-Côte d'Azur	machine learning, chercheur	"Unbias is an independent deeptech lab on a mission to develop frugal, inclusive AI (Pacte Act 2019).
We focus on mastering deep signal understanding and precision layers alteration with application in controlling model for biases and information density."
B	4	aeteos	https://aeteos.com/	2016	Hauts-de-France	dataset, inference	To make this possible, a next generation of artificial intelligent solutions needs to be created, able to mimic the functioning of the human brain and be capable of performing tasks normally requiring human intelligence. At Aeteos, this is what we do.
B	4	cap collectif	http://www.cap-collectif.com/	2014	Île-de-France	GPU, dataset	Startup civique experte en intelligence collective qui développe des applications participatives à travers une plateforme distribuée en SaaS.
B	4	delos intelligence	https://www.delosintelligence.fr/	2023	Île-de-France	nos modèles, entraîné	Delos developed the Cosmos, a comprehensive B2B AI platform designed to revolutionize the tertiary sector.
B	4	inarix	https://www.inarix.com/	2018	Île-de-France	dataset, transformer	Notre solution vise à dématérialiser et qualifier en temps réel les flux de production céréaliers en à travers un simple smartphone en s'appuyant sur les dernières avancées en intelligence artificielle et en vision par ordinateur.
B	4	novasecur	http://www.novasecur.com	2010	Île-de-France	GPU, PhD	Novasecur is a French software publisher that develops, markets and integrates the only modular software solution that covers all of the risk management functionalities necessary for a business.
B	4	smartpush	www.smartpush.io	2018	Provence-Alpes-Côte d'Azur	machine learning, dataset	"smartpush est spécialisée sur la data et a développé ""alchimia"", une IA qui raffine la donnée pour valoriser l’expérience financière des clients. Elle sublime l’expérience collaborateurs et clients pour accélérer la croissance des grands groupes."
