Categorie	Startup	Tier	Region	Titre du poste	Lien offre	Tech startup	Site startup
Autre	tchek	A	Provence-Alpes-Côte d'Azur	Spontaneous application	https://www.tchek.ai/company/career#spontaneous-application	+2 deep learning, +2 computer vision, +2 edge AI	https://www.tchek.ai/
IA / ML / Data Science	Neuralk-AI	B	Île-de-France	AI ScientistFull TimeOpenParis 8, FranceApply now	https://www.neuralk-ai.com/job-posting/ai-scientist	+2 data science, +2 dataset, +2 embedding, +2 open-source	www.neuralk-ai.com
Dev / Engineering	Neuralk-AI	B	Île-de-France	Forward Deployed EngineerFull TimeOpenParis 8, FranceApply now	https://www.neuralk-ai.com/job-posting/forward-deployed-engineer	+2 data science, +2 dataset, +2 embedding, +2 open-source	www.neuralk-ai.com
IA / ML / Data Science	Neuralk-AI	B	Île-de-France	Machine Learning EngineerFull TimeOpenParis 8, FranceApply now	https://www.neuralk-ai.com/job-posting/machine-learning-engineer	+2 data science, +2 dataset, +2 embedding, +2 open-source	www.neuralk-ai.com
Product / Design	Neuralk-AI	B	Île-de-France	Product DesignerFull TimeOpening SoonParis 8, FranceApply now	https://www.neuralk-ai.com/job-posting/product-designer	+2 data science, +2 dataset, +2 embedding, +2 open-source	www.neuralk-ai.com
Sales / Business	Neuralk-AI	B	Île-de-France	Senior Account ExecutiveFull TimeOpenParis 8, FranceApply now	https://www.neuralk-ai.com/job-posting/account-executive	+2 data science, +2 dataset, +2 embedding, +2 open-source	www.neuralk-ai.com
RH / People	Neuralk-AI	B	Île-de-France	Talent Acquisition PartnerFull Time (CDI or freelance)OpenParis 8, FranceApply now	https://www.neuralk-ai.com/job-posting/talent-acquisition-partner	+2 data science, +2 dataset, +2 embedding, +2 open-source	www.neuralk-ai.com
Stage / Alternance	Neuralk-AI	B	Île-de-France	Business Development InternInternshipMar-26Paris 8, FranceApply now	https://www.neuralk-ai.com/job-posting/business-development-intern	+2 data science, +2 dataset, +2 embedding, +2 open-source	www.neuralk-ai.com
Stage / Alternance	Neuralk-AI	B	Île-de-France	Data Science InternInternshipMar-26Paris 8, FranceApply now	https://www.neuralk-ai.com/job-posting/data-science-intern	+2 data science, +2 dataset, +2 embedding, +2 open-source	www.neuralk-ai.com
Stage / Alternance	Neuralk-AI	B	Île-de-France	Research InternInternshipJul-26Paris 8, FranceApply now	https://www.neuralk-ai.com/job-posting/reseach-intern	+2 data science, +2 dataset, +2 embedding, +2 open-source	www.neuralk-ai.com
IA / ML / Data Science	Neuralk-AI	B	Île-de-France	PHD Researcher in Synthetic Data GenerationContractOpenParis 8, FranceApply now	https://www.neuralk-ai.com/job-posting/phd-researcher	+2 data science, +2 dataset, +2 embedding, +2 open-source	www.neuralk-ai.com
Data	Adaptive ML	B	Île-de-France	business intelligence	https://www.adaptive-ml.com/use-case/text-to-sql	+2 reinforcement learning, +2 fine-tuning, +2 annotation, +2 inference	https://www.adaptive-ml.com/
Autre	Adaptive ML	B	Île-de-France	customer support	https://www.adaptive-ml.com/use-case/customer-support	+2 reinforcement learning, +2 fine-tuning, +2 annotation, +2 inference	https://www.adaptive-ml.com/
Stage / Alternance	Lucky cart	A	Île-de-France	Key Account Manager - Alternance	https://www.welcometothejungle.com/fr/companies/lucky-cart/jobs/key-account-manager-alternance_paris_LC_lL7AXY1	+2 machine learning, +2 data science, +2 data scientist, +2 dataset, +2 transformer	www.luckycart.com/
Ops / Infra / QA	Lucky cart	A	Île-de-France	QA Engineer Junior	https://www.welcometothejungle.com/fr/companies/lucky-cart/jobs/qa-engineer-junior_paris_LC_k5bdqye	+2 machine learning, +2 data science, +2 data scientist, +2 dataset, +2 transformer	www.luckycart.com/
Autre	Lucky cart	A	Île-de-France	Finance Business Partner	https://www.welcometothejungle.com/fr/companies/lucky-cart/jobs/finance-business-partner_paris	+2 machine learning, +2 data science, +2 data scientist, +2 dataset, +2 transformer	www.luckycart.com/
RH / People	Lucky cart	A	Île-de-France	Human Resources Business Partner	https://www.welcometothejungle.com/fr/companies/lucky-cart/jobs/human-resources-business-partner_paris_LC_4AzeW7Q	+2 machine learning, +2 data science, +2 data scientist, +2 dataset, +2 transformer	www.luckycart.com/
Management / Leadership	Lucky cart	A	Île-de-France	Head of Agencies	https://www.welcometothejungle.com/fr/companies/lucky-cart/jobs/head-of-agencies_paris	+2 machine learning, +2 data science, +2 data scientist, +2 dataset, +2 transformer	www.luckycart.com/
Dev / Engineering	Lucky cart	A	Île-de-France	Lead Fullstack Developer	https://www.welcometothejungle.com/fr/companies/lucky-cart/jobs/lead-fullstack-developer_paris	+2 machine learning, +2 data science, +2 data scientist, +2 dataset, +2 transformer	www.luckycart.com/
Autre	Lucky cart	A	Île-de-France	Candidature spontanéeLucky cart est toujours à la recherche de personnes talentueuses, n'hésitez pas à postuler !	https://www.welcometothejungle.com/fr/companies/lucky-cart/jobs/candidatures-spontanees	+2 machine learning, +2 data science, +2 data scientist, +2 dataset, +2 transformer	www.luckycart.com/
Stage / Alternance	Welcome to the Jungle	A	Île-de-France	Stage - Assistant(e) de communication / événementiel - 6 mois	https://www.welcometothejungle.com/fr/companies/ministere-de-la-culture/jobs/stage-assistant-de-communication-evenementiel-6-mois_paris_MDLC_r7ApOzr	+2 machine learning, +2 data science, +2 GPU, +2 PhD, +2 transformer, +2 open-source	https://www.welcometothejungle.com/fr
Management / Leadership	Welcome to the Jungle	A	Île-de-France	Head of Consumer Communications France (PR, Influencer & Brand Social), 7-month FTC	https://www.welcometothejungle.com/fr/companies/deliveroo/jobs/head-of-consumer-communications-france-pr-influencer-brand-social-7-month-ftc_paris	+2 machine learning, +2 data science, +2 GPU, +2 PhD, +2 transformer, +2 open-source	https://www.welcometothejungle.com/fr
Marketing / Growth	Welcome to the Jungle	A	Île-de-France	CHARGÉ.E DE COMMUNICATION ET DE PROJETS ÉDITORIAUX	https://www.welcometothejungle.com/fr/companies/ministere-de-l-interieur/jobs/charge-e-de-communication-et-de-projets-editoriaux_paris	+2 machine learning, +2 data science, +2 GPU, +2 PhD, +2 transformer, +2 open-source	https://www.welcometothejungle.com/fr
Ops / Infra / QA	Welcome to the Jungle	A	Île-de-France	Technicienne/Technicien Expert des réseaux de communication - SGAMI SUD-EST (38)	https://www.welcometothejungle.com/fr/companies/ministere-de-l-interieur/jobs/technicienne-technicien-expert-des-reseaux-de-communication-sgami-sud-est-38_grenoble	+2 machine learning, +2 data science, +2 GPU, +2 PhD, +2 transformer, +2 open-source	https://www.welcometothejungle.com/fr
Management / Leadership	Welcome to the Jungle	A	Île-de-France	Adjoint(e) au directeur des systèmes d'information et de communication (DSIC) du SGAMI Sud-Est	https://www.welcometothejungle.com/fr/companies/ministere-de-l-interieur/jobs/adjoint-au-directeur-des-systemes-d-information-et-de-communication-dsic-du-sgami-sud-est_lyon	+2 machine learning, +2 data science, +2 GPU, +2 PhD, +2 transformer, +2 open-source	https://www.welcometothejungle.com/fr
Stage / Alternance	Welcome to the Jungle	A	Île-de-France	Chargé(e) de communication et évènementiel - Paris - Stage	https://www.welcometothejungle.com/fr/companies/wold/jobs/charge-de-communication-et-evenementiel-paris-stage_paris	+2 machine learning, +2 data science, +2 GPU, +2 PhD, +2 transformer, +2 open-source	https://www.welcometothejungle.com/fr
Stage / Alternance	Welcome to the Jungle	A	Île-de-France	Alternance Chargé.e de Communication / Community Manager H/F	https://www.welcometothejungle.com/fr/companies/ad-s-up/jobs/alternance-charge-e-de-communication-community-manager-h-f_paris	+2 machine learning, +2 data science, +2 GPU, +2 PhD, +2 transformer, +2 open-source	https://www.welcometothejungle.com/fr
Stage / Alternance	Welcome to the Jungle	A	Île-de-France	Chargé(e) de communication – ALTERNANCE/STAGE	https://www.welcometothejungle.com/fr/companies/talisker/jobs/charge-de-communication-alternance-stage_paris	+2 machine learning, +2 data science, +2 GPU, +2 PhD, +2 transformer, +2 open-source	https://www.welcometothejungle.com/fr
Marketing / Growth	Welcome to the Jungle	A	Île-de-France	Chargé de communication H/F	https://www.welcometothejungle.com/fr/companies/evs-professionnel/jobs/charge-de-communication-h-f_rungis	+2 machine learning, +2 data science, +2 GPU, +2 PhD, +2 transformer, +2 open-source	https://www.welcometothejungle.com/fr
Marketing / Growth	Welcome to the Jungle	A	Île-de-France	Responsable communication et design F/H	https://www.welcometothejungle.com/fr/companies/clean-horizon/jobs/responsable-communication-et-design-f-h_paris	+2 machine learning, +2 data science, +2 GPU, +2 PhD, +2 transformer, +2 open-source	https://www.welcometothejungle.com/fr
Marketing / Growth	Welcome to the Jungle	A	Île-de-France	Communication et Community Manager App Store	https://www.welcometothejungle.com/fr/companies/societe-generale/jobs/communication-et-community-manager-app-store_la-defense_SG_Y5PDpoP	+2 machine learning, +2 data science, +2 GPU, +2 PhD, +2 transformer, +2 open-source	https://www.welcometothejungle.com/fr
Stage / Alternance	Welcome to the Jungle	A	Île-de-France	Alternance - Chargée/Chargé de Communication F/H	https://www.welcometothejungle.com/fr/companies/edf/jobs/alternance-chargee-charge-de-communication-f-h_puteaux_EDF_MAoa53W	+2 machine learning, +2 data science, +2 GPU, +2 PhD, +2 transformer, +2 open-source	https://www.welcometothejungle.com/fr
Stage / Alternance	Welcome to the Jungle	A	Île-de-France	Alternance - Chargée/Chargé de Communication F/H	https://www.welcometothejungle.com/fr/companies/edf/jobs/alternance-chargee-charge-de-communication-f-h_puteaux_EDF_MDYjqq8	+2 machine learning, +2 data science, +2 GPU, +2 PhD, +2 transformer, +2 open-source	https://www.welcometothejungle.com/fr
Stage / Alternance	Welcome to the Jungle	A	Île-de-France	Chargé de communication AXA Atout Cœur (F/H) alternance	https://www.welcometothejungle.com/fr/companies/axa/jobs/charge-de-communication-axa-atout-coeur-f-h-alternance_nanterre	+2 machine learning, +2 data science, +2 GPU, +2 PhD, +2 transformer, +2 open-source	https://www.welcometothejungle.com/fr
Stage / Alternance	Welcome to the Jungle	A	Île-de-France	Chargé de communication interne (H/F) - Alternance	https://www.welcometothejungle.com/fr/companies/allianz/jobs/charge-de-communication-interne-h-f-alternance_puteaux	+2 machine learning, +2 data science, +2 GPU, +2 PhD, +2 transformer, +2 open-source	https://www.welcometothejungle.com/fr
Sales / Business	Heuritech	A	Île-de-France	BDR Fashion & SportswearFull-TimeParis	https://www.welcometothejungle.com/en/companies/luxurynsight/jobs/bdr-fashion-sportswear_paris	+2 computer vision, +2 machine learning, +2 PhD, +2 dataset	https://heuritech.com/
Sales / Business	XXII	A	Île-de-France	Senior Account Executive (F/H)	https://www.welcometothejungle.com/fr/companies/xxii-group/jobs/account-executive-senior-h-f_puteaux	+2 computer vision, +2 vision par ordinateur, +2 computer-vision, +2 dataset, +2 transformer	www.xxiiai.com
Autre	XXII	A	Île-de-France	Candidature spontanéeXXII GROUP est toujours à la recherche de personnes talentueuses, n'hésitez pas à postuler !	https://www.welcometothejungle.com/fr/companies/xxii-group/jobs/candidatures-spontanees	+2 computer vision, +2 vision par ordinateur, +2 computer-vision, +2 dataset, +2 transformer	www.xxiiai.com
Autre	Alteia	B	Occitanie	Spontaneous application ↘︎	https://careers.alteia.com/connect/login	+2 computer vision, +2 machine learning, +2 dataset	https://alteia.com/
Ops / Infra / QA	Alteia	B	Occitanie	Lead QA EngineerProduct·Toulouse·Hybrid	https://careers.alteia.com/jobs/7427591-lead-qa-engineer	+2 computer vision, +2 machine learning, +2 dataset	https://alteia.com/
Dev / Engineering	Alteia	B	Occitanie	Tech Lead BackendEngineering·Toulouse·Hybrid	https://careers.alteia.com/jobs/7403606-tech-lead-backend	+2 computer vision, +2 machine learning, +2 dataset	https://alteia.com/
Management / Leadership	Alteia	B	Occitanie	Engineering ManagerEngineering·Toulouse·Hybrid	https://careers.alteia.com/jobs/7393869-engineering-manager	+2 computer vision, +2 machine learning, +2 dataset	https://alteia.com/
Dev / Engineering	Alteia	B	Occitanie	Junior Platform Engineer - Frontend FocusToulouse·Hybrid	https://careers.alteia.com/jobs/7370167-junior-platform-engineer-frontend-focus	+2 computer vision, +2 machine learning, +2 dataset	https://alteia.com/
Product / Design	Alteia	B	Occitanie	Product Owner - Digital InspectionProduct·Toulouse·Hybrid	https://careers.alteia.com/jobs/7332202-product-owner-digital-inspection	+2 computer vision, +2 machine learning, +2 dataset	https://alteia.com/
Dev / Engineering	Alteia	B	Occitanie	Senior Frontend Software EngineerEngineering·Toulouse·Hybrid	https://careers.alteia.com/jobs/7165327-senior-frontend-software-engineer	+2 computer vision, +2 machine learning, +2 dataset	https://alteia.com/
Product / Design	Alteia	B	Occitanie	Product Manager - Electric network designProduct·Paris, Toulouse	https://careers.alteia.com/jobs/6839328-product-manager-electric-network-design	+2 computer vision, +2 machine learning, +2 dataset	https://alteia.com/
Product / Design	Alteia	B	Occitanie	Product Manager - Structural analysis and engineeringProduct·Paris, Toulouse·Hybrid	https://careers.alteia.com/jobs/6839112-product-manager-structural-analysis-and-engineering	+2 computer vision, +2 machine learning, +2 dataset	https://alteia.com/
Management / Leadership	Alteia	B	Occitanie	Software Project ManagerProject·Toulouse·Hybrid	https://careers.alteia.com/jobs/6725791-software-project-manager	+2 computer vision, +2 machine learning, +2 dataset	https://alteia.com/
Autre	Scortex	B	Île-de-France	Spontaneous Application	https://scortex.welcomekit.co/jobs/candidatures-spontanees	+2 deep learning, +2 GPU, +2 dataset	http://scortex.io/
Stage / Alternance	SPARE PARTS 3D	A	Occitanie	Additive Manufacturing Engineer (operation) – Internship	https://spare-parts-3d.com/jobs/am-engineer-intern/	+2 neural network, +2 computer vision, +2 machine learning	https://spare-parts-3d.com/
Stage / Alternance	SPARE PARTS 3D	A	Occitanie	Junior project Manager (6 months internship – Middle East / Europe)	https://spare-parts-3d.com/jobs/junior-project-manager-intern/	+2 neural network, +2 computer vision, +2 machine learning	https://spare-parts-3d.com/
Stage / Alternance	SPARE PARTS 3D	A	Occitanie	Data Quality Control (Internship / part-time 4 to 6 Months) – Singapore	https://spare-parts-3d.com/jobs/data-qc-4-to-6-months-singapore/	+2 neural network, +2 computer vision, +2 machine learning	https://spare-parts-3d.com/
IA / ML / Data Science	Orakl Oncology	A	Île-de-France	Research EngineerCDILe Kremlin-Bicêtre	https://www.welcometothejungle.com/fr/companies/orakl-oncology/jobs/research-engineer_le-kremlin-bicetre	+2 data scientist, +2 PhD, +2 researcher, +2 dataset, +2 R&D	http://orakl-oncology.com
Autre	Orakl Oncology	A	Île-de-France	Lab ManagerCDILe Kremlin-Bicêtre	https://www.welcometothejungle.com/fr/companies/orakl-oncology/jobs/lab-manager_le-kremlin-bicetre	+2 data scientist, +2 PhD, +2 researcher, +2 dataset, +2 R&D	http://orakl-oncology.com
IA / ML / Data Science	Orakl Oncology	A	Île-de-France	Computational Biologist - Pharma DeliveryCDILe Kremlin-Bicêtre	https://www.welcometothejungle.com/fr/companies/orakl-oncology/jobs/computational-biologist-pharma-delivery_le-kremlin-bicetre	+2 data scientist, +2 PhD, +2 researcher, +2 dataset, +2 R&D	http://orakl-oncology.com
IA / ML / Data Science	Orakl Oncology	A	Île-de-France	Senior ML EngineerCDILe Kremlin-Bicêtre	https://www.welcometothejungle.com/fr/companies/orakl-oncology/jobs/senior-ai-engineer_le-kremlin-bicetre	+2 data scientist, +2 PhD, +2 researcher, +2 dataset, +2 R&D	http://orakl-oncology.com
Dev / Engineering	PROPHESEE	A	Île-de-France	Analog Pixel IC Design EngineerHardware·Paris	https://careers.prophesee.ai/jobs/7440172-analog-pixel-ic-design-engineer	+2 computer vision, +2 computer-vision, +2 dataset	https://www.prophesee.ai
Dev / Engineering	PROPHESEE	A	Île-de-France	Digital IC Verification EngineerHardware·Paris	https://careers.prophesee.ai/jobs/7389549-digital-ic-verification-engineer	+2 computer vision, +2 computer-vision, +2 dataset	https://www.prophesee.ai
Dev / Engineering	PROPHESEE	A	Île-de-France	Digital IC Design EngineerHardware·Paris	https://careers.prophesee.ai/jobs/7377229-digital-ic-design-engineer	+2 computer vision, +2 computer-vision, +2 dataset	https://www.prophesee.ai
Autre	Arcascience	B	Île-de-France	Send an open application	https://www.arcascience.ai/join-us#JOIN-US-CONTACT	+2 data science, +2 PhD, +2 edge AI, +2 R&D	https://www.arcascience.ai/
Autre	Arcascience	B	Île-de-France	Send an open application	https://www.arcascience.ai/join-us#JOIN-US-CONTACT	+2 data science, +2 PhD, +2 edge AI, +2 R&D	https://www.arcascience.ai/
Autre	Arcascience	B	Île-de-France	Send an open application	https://www.arcascience.ai/join-us#JOIN-US-CONTACT	+2 data science, +2 PhD, +2 edge AI, +2 R&D	https://www.arcascience.ai/
Dev / Engineering	GEEGLEE	B	Île-de-France	Back-end developer [CDI]	https://90f1e1ca-abc2-4146-a7f6-cb6500044ce5.filesusr.com/ugd/9043b4_60431c23bfc04fe08439b43f9f5f9d0f.pdf	+2 GPU, +2 researcher, +2 dataset, +2 transformer, +2 R&D	https://geeglee.net
Dev / Engineering	GEEGLEE	B	Île-de-France	Front-end developer [CDI]	https://90f1e1ca-abc2-4146-a7f6-cb6500044ce5.filesusr.com/ugd/9043b4_b4a4f363dd764b82953c4b4aa5817dd9.pdf	+2 GPU, +2 researcher, +2 dataset, +2 transformer, +2 R&D	https://geeglee.net
Sales / Business	Giskard AI	B	Île-de-France	Enterprise Account Executive - DACH marketFull-TimeParisA few days at home	https://www.welcometothejungle.com/en/companies/giskard/jobs/senior-enterprise-account-executive-dach-market_paris	+2 annotation, +2 dataset, +2 open-source	https://www.giskard.ai/
Sales / Business	Giskard AI	B	Île-de-France	Business Development Representative - EMEA marketFull-TimeParisA few days at home	https://www.welcometothejungle.com/en/companies/giskard/jobs/business-development-representative-emea-market_paris	+2 annotation, +2 dataset, +2 open-source	https://www.giskard.ai/
Sales / Business	Giskard AI	B	Île-de-France	Enterprise Account Executive - EMEA marketFull-TimeParisA few days at home	https://www.welcometothejungle.com/en/companies/giskard/jobs/enterprise-account-executive-emea-market_paris	+2 annotation, +2 dataset, +2 open-source	https://www.giskard.ai/
Dev / Engineering	Akur8	B	Île-de-France	Engineering3 open positions	https://www.akur8.com/teams/engineering	+2 machine learning, +2 data science	www.akur8.com
IA / ML / Data Science	Akur8	B	Île-de-France	Actuarial Data Science3 open positions	https://www.akur8.com/teams/actuarial-data-science	+2 machine learning, +2 data science	www.akur8.com
Sales / Business	Akur8	B	Île-de-France	Sales3 open positions	https://www.akur8.com/teams/sales-partnerships	+2 machine learning, +2 data science	www.akur8.com
Product / Design	Akur8	B	Île-de-France	Product3 open positions	https://www.akur8.com/teams/product	+2 machine learning, +2 data science	www.akur8.com
Product / Design	Akur8	B	Île-de-France	Design3 open positions	https://www.akur8.com/teams/design	+2 machine learning, +2 data science	www.akur8.com
Marketing / Growth	Akur8	B	Île-de-France	Marketing3 open positions	https://www.akur8.com/teams/marketing	+2 machine learning, +2 data science	www.akur8.com
RH / People	Akur8	B	Île-de-France	People, Finance & Legal3 open positions	https://www.akur8.com/teams/hr-legal-finance	+2 machine learning, +2 data science	www.akur8.com
Ops / Infra / QA	Akur8	B	Île-de-France	Cloud Ops, IT & Security3 open positions	https://www.akur8.com/teams/it-operations	+2 machine learning, +2 data science	www.akur8.com
Sales / Business	Akur8	B	Île-de-France	Partnerships & Corporate Development3 open positions	https://www.akur8.com/teams/partnerships-corporate-development	+2 machine learning, +2 data science	www.akur8.com
Stage / Alternance	Datategy	B	Île-de-France	Datategy Early Careers Program	https://www.datategy.net/datategy-early-careers-program/	+2 machine learning, +2 data science, +2 data scientist	www.datategy.net
Stage / Alternance	Datategy	B	Île-de-France	Datategy Early Careers Program	https://www.datategy.net/datategy-early-careers-program/	+2 machine learning, +2 data science, +2 data scientist	www.datategy.net
Product / Design	Bondzai	B	Occitanie	UX Designer	https://www.bondzai.io/2022/04/29/ux-designer/	+2 deep learning, +2 machine learning	www.bondzai.io
Dev / Engineering	Bondzai	B	Occitanie	Engineering: Embedded Software Engineer	https://www.bondzai.io/2022/04/27/engineering-embedded-software-engineer/	+2 deep learning, +2 machine learning	www.bondzai.io
IA / ML / Data Science	Bondzai	B	Occitanie	Engineering: AI Engineer	https://www.bondzai.io/2022/04/27/engineering-ai-engineer/	+2 deep learning, +2 machine learning	www.bondzai.io
Management / Leadership	Bondzai	B	Occitanie	Marketing: CPO	https://www.bondzai.io/2022/04/27/marketing-cpo/	+2 deep learning, +2 machine learning	www.bondzai.io
Marketing / Growth	Bondzai	B	Occitanie	Marketing : CMO	https://www.bondzai.io/2022/04/27/marketing-cmo/	+2 deep learning, +2 machine learning	www.bondzai.io
Product / Design	Flowlity	B	Île-de-France	Product Designer UX/UIRemote-first (Paris/Valencia preferred, or Lyon/Bordeaux/Lisbon) with occasional travel for team meetups.Full Time	https://www.flowlity.com/careers/product-designer-ux-ui	+2 machine learning, +2 dataset	www.flowlity.com
Sales / Business	Flowlity	B	Île-de-France	Sales ExecutiveRemoteFull Time	https://www.flowlity.com/careers/salesexecutive	+2 machine learning, +2 dataset	www.flowlity.com
Sales / Business	Flowlity	B	Île-de-France	Customer Success ManagerRemoteFull-time	https://www.flowlity.com/careers/customer-success-manager	+2 machine learning, +2 dataset	www.flowlity.com
Stage / Alternance	AfterData	B	Île-de-France	Alternance/Stage – Data scientist – Développeur PythonStage - Paris 13Lire plus	https://www.afterdata.com/alternance-stage-data-scientist-developpeur-python-startup-fintech/	+2 machine learning, +2 data scientist	https://www.afterdata.com/
Stage / Alternance	AfterData	B	Île-de-France	Alternant(e) développeur webPassionné par la data, vous cherchez à développer votre maîtrise des données dans des cas concrets ? Rejoignez-nous !Stage - Paris 13Lire plus	https://www.afterdata.com/alternant-developpeur-web/	+2 machine learning, +2 data scientist	https://www.afterdata.com/
RH / People	Comand AI	B	Île-de-France	Talent Acquisition Specialist jobs	https://fr.linkedin.com/jobs/acquisition-de-talents-emplois?trk=organization_guest_linkster_link	+2 reinforcement learning, +2 open-source	https://comand.ai/
Autre	Comand AI	B	Île-de-France	Legal Counsel jobs	https://fr.linkedin.com/jobs/conseil-juridique-emplois?trk=organization_guest_linkster_link	+2 reinforcement learning, +2 open-source	https://comand.ai/
IA / ML / Data Science	Comand AI	B	Île-de-France	Researcher jobs	https://fr.linkedin.com/jobs/chercheur-emplois?trk=organization_guest_linkster_link	+2 reinforcement learning, +2 open-source	https://comand.ai/
Sales / Business	Comand AI	B	Île-de-France	Head of Sales jobs	https://fr.linkedin.com/jobs/chef-des-ventes-emplois?trk=organization_guest_linkster_link	+2 reinforcement learning, +2 open-source	https://comand.ai/
RH / People	Comand AI	B	Île-de-France	Recruiter jobs	https://fr.linkedin.com/jobs/recruteur-emplois?trk=organization_guest_linkster_link	+2 reinforcement learning, +2 open-source	https://comand.ai/
Marketing / Growth	Comand AI	B	Île-de-France	Marketing Director jobs	https://fr.linkedin.com/jobs/directeur-marketing-emplois?trk=organization_guest_linkster_link	+2 reinforcement learning, +2 open-source	https://comand.ai/
Autre	Comand AI	B	Île-de-France	Translator jobs	https://fr.linkedin.com/jobs/traducteur-emplois?trk=organization_guest_linkster_link	+2 reinforcement learning, +2 open-source	https://comand.ai/
Ops / Infra / QA	Comand AI	B	Île-de-France	Information Technology Manager jobs	https://fr.linkedin.com/jobs/responsable-informatique-emplois?trk=organization_guest_linkster_link	+2 reinforcement learning, +2 open-source	https://comand.ai/
Dev / Engineering	Comand AI	B	Île-de-France	Architect jobs	https://fr.linkedin.com/jobs/architecte-emplois?trk=organization_guest_linkster_link	+2 reinforcement learning, +2 open-source	https://comand.ai/
IA / ML / Data Science	Comand AI	B	Île-de-France	Research Assistant jobs	https://fr.linkedin.com/jobs/assistant-de-recherche-emplois?trk=organization_guest_linkster_link	+2 reinforcement learning, +2 open-source	https://comand.ai/
Management / Leadership	Mago	B	Île-de-France	Founder’s Associate	https://magostudio.notion.site/Founder-s-Associate-29698f78eb4a800fb3eeda94104f6916	+2 researcher, +2 edge AI	https://www.mago.studio/
Product / Design	Hiboo	B	Île-de-France	Senior Product Manager (Paris)	https://hiboo.notion.site/Senior-Product-Manager-Paris-7f6b516b2b414f48b9095c5ea0198033	+2 GPU, +2 PhD	https://www.hiboo.io/
Sales / Business	Hiboo	B	Île-de-France	Account Executive UK	https://hiboo.notion.site/Account-Executive-UK-271d13f7e8968037aa54db85c40eba36	+2 GPU, +2 PhD	https://www.hiboo.io/
Autre	Heex Technologies	B	Île-de-France	Spontaneous Application	https://heex.notion.site/24c54af7e72280d58897c2a52aaaa009	+2 data science, +2 dataset	www.heex.io
Stage / Alternance	kentyou	B	Auvergne-Rhône-Alpes	Internships / Stages en Alternance	https://kentyou.com/2023/09/12/alternance/	+2 data scientist, +2 researcher, +2 open-source, +2 R&D	https://kentyou.com/
Data	kentyou	B	Auvergne-Rhône-Alpes	Data Analyst	https://kentyou.com/2023/08/07/data-analyst/	+2 data scientist, +2 researcher, +2 open-source, +2 R&D	https://kentyou.com/
Dev / Engineering	kentyou	B	Auvergne-Rhône-Alpes	Full-Stack Developer	https://kentyou.com/2023/08/07/full-stack-developer/	+2 data scientist, +2 researcher, +2 open-source, +2 R&D	https://kentyou.com/
Dev / Engineering	kentyou	B	Auvergne-Rhône-Alpes	Java Developer and Platform Engineer	https://kentyou.com/2021/08/20/java-developer/	+2 data scientist, +2 researcher, +2 open-source, +2 R&D	https://kentyou.com/
Sales / Business	Araïko (Cynapps)	B	Auvergne-Rhône-Alpes	01Business Developer Senior : Conseil & projets IA (H/F)	https://www.welcometothejungle.com/fr/companies/araiko-ai/jobs/business-developer-spe-conseil-projets-ia-h-f_lyon?q=91b0bcfb6489529339c876d6fec37ea0&o=afbb60b2-ce85-4311-8ecb-08e4649dd2c7	+2 data science, +2 GPU, +2 chercheur, +2 transformer	http://araiko.ai
Sales / Business	Araïko (Cynapps)	B	Auvergne-Rhône-Alpes	02Business Developer - Conseil & IA (H/F)	https://www.welcometothejungle.com/fr/companies/araiko-ai/jobs/business-developer-generaliste-h-f_lyon?q=91b0bcfb6489529339c876d6fec37ea0&o=b13c59db-d41b-45d7-87cd-5b66d9e5dd93	+2 data science, +2 GPU, +2 chercheur, +2 transformer	http://araiko.ai
Sales / Business	Araïko (Cynapps)	B	Auvergne-Rhône-Alpes	03Business Developer- activité Conseil (H/F)	https://www.welcometothejungle.com/fr/companies/araiko-ai/jobs/business-developer-activite-conseil-h-f_lyon?q=91b0bcfb6489529339c876d6fec37ea0&o=93f92ee0-614d-4a02-98ae-a234e065701f	+2 data science, +2 GPU, +2 chercheur, +2 transformer	http://araiko.ai
Autre	Tilkal	B	Île-de-France	Submit open application	https://www.tilkal.com/tilkal-contact	+2 GPU, +2 dataset	www.tilkal.com
Autre	Tilkal	B	Île-de-France	Submit open application	https://www.tilkal.com/tilkal-contact	+2 GPU, +2 dataset	www.tilkal.com
IA / ML / Data Science	MyndBlue	B	Île-de-France	Machine Learning Researcher	https://myndblue.ai/wp-content/uploads/2022/11/Machine-learning-researcher-2022-AI-MYND-001.pdf	+2 machine learning, +2 researcher	http://myndblue.io
IA / ML / Data Science	MyndBlue	B	Île-de-France	Machine Learning Engineer	https://myndblue.ai/wp-content/uploads/2022/11/Machine-learning-engineer-2022-AI-MYND-002.pdf	+2 machine learning, +2 researcher	http://myndblue.io
Ops / Infra / QA	Sekoia.io	B	Bretagne	Security analyst	https://www.sekoia.io/you-are/?profil=security-analyst	+2 machine learning, +2 dataset	www.sekoia.io
Ops / Infra / QA	Sekoia.io	B	Bretagne	SOC analyst	https://www.sekoia.io/you-are/?profil=soc-analyst	+2 machine learning, +2 dataset	www.sekoia.io
Management / Leadership	Sekoia.io	B	Bretagne	SOC manager	https://www.sekoia.io/you-are/?profil=soc-manager	+2 machine learning, +2 dataset	www.sekoia.io
Ops / Infra / QA	Sekoia.io	B	Bretagne	CTI analyst	https://www.sekoia.io/you-are/?profil=cti-analyst	+2 machine learning, +2 dataset	www.sekoia.io
Ops / Infra / QA	Sekoia.io	B	Bretagne	Security Analyst	https://www.sekoia.io/you-are/?profil=security-analyst	+2 machine learning, +2 dataset	www.sekoia.io
Ops / Infra / QA	Sekoia.io	B	Bretagne	SOC Analyst	https://www.sekoia.io/you-are/?profil=soc-analyst	+2 machine learning, +2 dataset	www.sekoia.io
Management / Leadership	Sekoia.io	B	Bretagne	SOC Manager	https://www.sekoia.io/you-are/?profil=soc-manager	+2 machine learning, +2 dataset	www.sekoia.io
Ops / Infra / QA	Sekoia.io	B	Bretagne	CTI Analyst	https://www.sekoia.io/you-are/?profil=cti-analyst	+2 machine learning, +2 dataset	www.sekoia.io
IA / ML / Data Science	DeepHawk	B	Bretagne	Ingénieur Applications IA Industrielles (F/H), France	https://deephawk.ai/ingenieur-applications-ia-industrielles-f-h-france/	+2 machine learning, +2 PhD	https://www.deephawk.ai/
Dev / Engineering	DeepHawk	B	Bretagne	Développeur Fullstack Applications IA, France	https://deephawk.ai/developpeur-fullstack-applications-ia-f-h/	+2 machine learning, +2 PhD	https://www.deephawk.ai/
IA / ML / Data Science	DeepHawk	B	Bretagne	AI Computer Vision Engineer, France	https://deephawk.ai/temp/ai-computer-vision-engineer-france/	+2 machine learning, +2 PhD	https://www.deephawk.ai/
Dev / Engineering	DeepHawk	B	Bretagne	BackEnd Developer, France	https://deephawk.ai/temp/backend-developer-france-2/	+2 machine learning, +2 PhD	https://www.deephawk.ai/
Dev / Engineering	DeepHawk	B	Bretagne	FrontEnd Developer, France	https://deephawk.ai/temp/frontend-developer-france/	+2 machine learning, +2 PhD	https://www.deephawk.ai/
Ops / Infra / QA	DeepHawk	B	Bretagne	Deployment Engineer, France	https://deephawk.ai/temp/deployment-engineer-france/	+2 machine learning, +2 PhD	https://www.deephawk.ai/
Sales / Business	DeepHawk	B	Bretagne	Sales Director, France	https://deephawk.ai/temp/sales-director-france/	+2 machine learning, +2 PhD	https://www.deephawk.ai/
Sales / Business	DeepHawk	B	Bretagne	Solution Engineer, France	https://deephawk.ai/temp/solution-engineer-lead-france/	+2 machine learning, +2 PhD	https://www.deephawk.ai/
Ops / Infra / QA	DeepHawk	B	Bretagne	Deployment Engineer, USA	https://deephawk.ai/temp/deployment-engineer-north-america/	+2 machine learning, +2 PhD	https://www.deephawk.ai/
Sales / Business	DeepHawk	B	Bretagne	Solution Engineer, USA	https://deephawk.ai/temp/backend-developer-france/	+2 machine learning, +2 PhD	https://www.deephawk.ai/
Sales / Business	DeepHawk	B	Bretagne	Sales Director, USA	https://deephawk.ai/temp/sales-director-usa/	+2 machine learning, +2 PhD	https://www.deephawk.ai/
Ops / Infra / QA	DeepHawk	B	Bretagne	Deployment Engineer, Germany	https://deephawk.ai/temp/deployment-engineer-germany/	+2 machine learning, +2 PhD	https://www.deephawk.ai/
Sales / Business	DeepHawk	B	Bretagne	Solution Engineer, Germany	https://deephawk.ai/temp/solution-engineer-lead-germany/	+2 machine learning, +2 PhD	https://www.deephawk.ai/
Sales / Business	DeepHawk	B	Bretagne	Sales Director, Germany	https://deephawk.ai/temp/sales-director-germany/	+2 machine learning, +2 PhD	https://www.deephawk.ai/
Sales / Business	Lucky cart	A	Île-de-France	Key Account Manager (Retail)	https://www.welcometothejungle.com/fr/companies/lucky-cart/jobs/key-account-manager-retail_paris_LC_eldKkQ	+2 machine learning, +2 data science, +2 data scientist, +2 dataset, +2 transformer	www.luckycart.com/
Sales / Business	Lucky cart	A	Île-de-France	Key Account Manager (Régie)	https://www.welcometothejungle.com/fr/companies/lucky-cart/jobs/key-account-manager-regie_paris	+2 machine learning, +2 data science, +2 data scientist, +2 dataset, +2 transformer	www.luckycart.com/
Stage / Alternance	Welcome to the Jungle	A	Île-de-France	ALTERNANCE - Assistant(e) Communication Interne et Projets RH - Europe & Moyen-Orient H/F	https://www.welcometothejungle.com/fr/companies/hermes/jobs/alternance-assistant-communication-interne-et-projets-rh-europe-moyen-orient-h-f_paris_HERMS_e877797	+2 machine learning, +2 data science, +2 GPU, +2 PhD, +2 transformer, +2 open-source	https://www.welcometothejungle.com/fr
Stage / Alternance	Welcome to the Jungle	A	Île-de-France	ALTERNANCE - Assistante / Assistant communication médias	https://www.welcometothejungle.com/fr/companies/arianegroup/jobs/alternance-assistante-assistant-communication-medias_les-mureaux	+2 machine learning, +2 data science, +2 GPU, +2 PhD, +2 transformer, +2 open-source	https://www.welcometothejungle.com/fr
Stage / Alternance	Welcome to the Jungle	A	Île-de-France	ALTERNANCE - Chargée / Chargé de communication interne	https://www.welcometothejungle.com/fr/companies/arianegroup/jobs/alternance-chargee-charge-de-communication-interne_les-mureaux	+2 machine learning, +2 data science, +2 GPU, +2 PhD, +2 transformer, +2 open-source	https://www.welcometothejungle.com/fr
Stage / Alternance	Welcome to the Jungle	A	Île-de-France	ALTERNANCE - Chargée / Chargé de communication interne (H/F)	https://www.welcometothejungle.com/fr/companies/arianegroup/jobs/alternance-chargee-charge-de-communication-interne-h-f_saint-medard-en-jalles	+2 machine learning, +2 data science, +2 GPU, +2 PhD, +2 transformer, +2 open-source	https://www.welcometothejungle.com/fr
Marketing / Growth	Welcome to the Jungle	A	Île-de-France	Chargé(e) de Communication	https://www.welcometothejungle.com/fr/companies/societe-generale/jobs/charge-de-communication_puteaux_SG_WYj5MLz	+2 machine learning, +2 data science, +2 GPU, +2 PhD, +2 transformer, +2 open-source	https://www.welcometothejungle.com/fr
Stage / Alternance	Welcome to the Jungle	A	Île-de-France	Apprentissage : Gestion de la Communication & des données Concurrence	https://www.welcometothejungle.com/fr/companies/stellantis-/jobs/apprentissage-gestion-de-la-communication-des-donnees-concurrence_poissy	+2 machine learning, +2 data science, +2 GPU, +2 PhD, +2 transformer, +2 open-source	https://www.welcometothejungle.com/fr
Stage / Alternance	Welcome to the Jungle	A	Île-de-France	ALTERNANCE : Master 1 ou 2 - APPUI COMMUNICATION F/H	https://www.welcometothejungle.com/fr/companies/edf/jobs/alternance-master-1-ou-2-appui-communication-f-h_paris	+2 machine learning, +2 data science, +2 GPU, +2 PhD, +2 transformer, +2 open-source	https://www.welcometothejungle.com/fr
Stage / Alternance	Welcome to the Jungle	A	Île-de-France	Alternance - Chargée ou Chargé de Communication F/H	https://www.welcometothejungle.com/fr/companies/edf/jobs/alternance-chargee-ou-charge-de-communication-f-h_saint-denis_EDF_rdODR45	+2 machine learning, +2 data science, +2 GPU, +2 PhD, +2 transformer, +2 open-source	https://www.welcometothejungle.com/fr
Stage / Alternance	Welcome to the Jungle	A	Île-de-France	ALTERNANCE: Licence 3 - Assistante/Assistant Communication Projets Audiovisuels (Photos / Vidéos) F/H	https://www.welcometothejungle.com/fr/companies/edf/jobs/alternance-licence-3-assistante-assistant-communication-projets-audiovisuels-photos-videos-f-h_paris	+2 machine learning, +2 data science, +2 GPU, +2 PhD, +2 transformer, +2 open-source	https://www.welcometothejungle.com/fr
Stage / Alternance	Welcome to the Jungle	A	Île-de-France	Chargé(e) de Communication (F/H) en alternance	https://www.welcometothejungle.com/fr/companies/axa/jobs/charge-de-communication-f-h-en-alternance_marly-le-roi	+2 machine learning, +2 data science, +2 GPU, +2 PhD, +2 transformer, +2 open-source	https://www.welcometothejungle.com/fr
Stage / Alternance	Welcome to the Jungle	A	Île-de-France	Chef de projet communication et marque employeur junior (F/H) - stage	https://www.welcometothejungle.com/fr/companies/axa/jobs/chef-de-projet-communication-et-marque-employeur-junior-f-h-stage_nanterre	+2 machine learning, +2 data science, +2 GPU, +2 PhD, +2 transformer, +2 open-source	https://www.welcometothejungle.com/fr
Marketing / Growth	Welcome to the Jungle	A	Île-de-France	CDI - RESPONSABLE COMMUNICATION DIGITALE & MÉDIAS - JOHN LOBB H/F	https://www.welcometothejungle.com/fr/companies/hermes/jobs/cdi-responsable-communication-digitale-medias-john-lobb-h-f_paris_HERMS_6d5oRb3	+2 machine learning, +2 data science, +2 GPU, +2 PhD, +2 transformer, +2 open-source	https://www.welcometothejungle.com/fr
Stage / Alternance	Welcome to the Jungle	A	Île-de-France	Apprentissage : Chargé(e) de communication après-vente	https://www.welcometothejungle.com/fr/companies/stellantis-/jobs/apprentissage-charge-de-communication-apres-vente_poissy	+2 machine learning, +2 data science, +2 GPU, +2 PhD, +2 transformer, +2 open-source	https://www.welcometothejungle.com/fr
Stage / Alternance	Welcome to the Jungle	A	Île-de-France	Stagiaire - Chef de projet Communication F/H	https://www.welcometothejungle.com/fr/companies/bnp-paribas/jobs/stagiaire-chef-de-projet-communication-f-h_puteaux	+2 machine learning, +2 data science, +2 GPU, +2 PhD, +2 transformer, +2 open-source	https://www.welcometothejungle.com/fr
Stage / Alternance	Welcome to the Jungle	A	Île-de-France	Alternance Communication Interne F/H	https://www.welcometothejungle.com/fr/companies/bnp-paribas/jobs/alternance-communication-interne-f-h_puteaux	+2 machine learning, +2 data science, +2 GPU, +2 PhD, +2 transformer, +2 open-source	https://www.welcometothejungle.com/fr
